metric,validation_best_normalized_mse,test_normalized_mse,validation_best_paper_table_scaled,test_paper_table_scaled,paper_target,validation_ratio_to_paper,test_ratio_to_paper,test_to_validation_normalized_ratio
ux,0.015988606624487898,0.08528920251771369,1.5988606624487898,8.52892025177137,0.152,10.518820147689407,56.11131744586427,5.334373690017871
uy,0.017996770783108535,0.12266950852552698,1.7996770783108536,12.266950852552698,0.113,15.926345825759766,108.55708719073183,6.816195527736705
p,0.024459966997569943,0.21644287979308183,2.445996699756994,21.64428797930818,0.24,10.191652915654142,90.18453324711743,8.848862298734298
nut,0.08804866643445004,0.5109843320492182,0.8804866643445004,5.109843320492182,0.096,9.171736086921879,53.22753458846022,5.803430679210035
surface_p,0.06217749472877346,0.5346296373563523,0.6217749472877345,5.346296373563523,0.27,2.3028701751397573,19.8010976798649,8.598442888194164
