{
  "split": "subset100_test",
  "cases": [
    "airFoil2D_SST_31.812_1.334_0.371_3.287_0.0_19.548",
    "airFoil2D_SST_39.741_14.642_3.175_3.316_1.0_10.583",
    "airFoil2D_SST_85.752_6.341_0.382_6.715_8.448"
  ],
  "summary": {
    "ux": {
      "rel_l2_mean": 0.13693485160668692,
      "rel_l2_std": 0.050619259246470656
    },
    "uy": {
      "rel_l2_mean": 0.2329025516907374,
      "rel_l2_std": 0.08133727041574008
    },
    "nut": {
      "rel_l2_mean": 0.3381349245707194,
      "rel_l2_std": 0.14892927165586706
    },
    "p": {
      "rel_l2_mean": 0.3173545300960541,
      "rel_l2_std": 0.18652639031541418
    },
    "cl_cd_mean": [
      -317.9716899701353,
      560.4991717698687
    ]
  }
}