{"atomic_energies": "{1: -13.62222753701504, 6: -1029.4130839658328, 7: -1484.8710358098756, 8: -2041.8396277138045}", "avg_num_neighbors": 18.686198949813843, "mean": -3.9905529022216797, "std": 2.8277440071105957, "atomic_numbers": "[1, 6, 7, 8]", "r_max": 5.0}