{
  "ux": [
    40.79172254376081,
    28.112145761125827
  ],
  "uy": [
    8.701018650352962,
    26.958814420274923
  ],
  "p": [
    -279.71904701980327,
    1982.9694365671203
  ],
  "nut": [
    0.0007400641196649776,
    0.002444783182145591
  ]
}